time,plasma_current
0.13019967,645.91235
0.1303997,645.9048
0.13059974,645.31067
0.13079977,644.39276
0.1309998,643.85486
0.1311996,643.16156
0.13139963,643.2066
0.13159966,643.0789
0.1317997,643.05695
0.13199973,642.9924
0.13219976,643.0018
0.1323998,642.7927
0.13259959,642.3435
0.13279963,641.73865
0.13299966,641.42633
0.13319969,641.3751
0.13339972,640.5697
0.13359976,639.1902
0.13379979,638.50854
0.13399982,637.3573
0.13419962,636.6651
0.13439965,635.9071
0.13459969,635.3016
0.13479972,635.18176
0.13499975,634.7312
0.13519979,633.97705
0.13539982,633.6608
0.13559961,633.7652
0.13579965,633.8391
0.13599968,633.47015
0.13619971,633.18634
0.13639975,633.3734
0.13659978,633.4914
0.13679981,633.65704
0.1369996,633.4854
0.13719964,633.3085
0.13739967,633.224
0.1375997,632.5255
0.13779974,631.94806
0.13799977,631.7626
0.1381998,631.7773
0.1383996,632.488
0.13859963,632.9113
0.13879967,633.95636
0.1389997,634.1993
0.13919973,634.33545
0.13939977,634.5155
0.1395998,634.7517
0.1397996,635.07043
0.13999963,635.87445
0.14019966,636.3482
0.1403997,636.9113
0.14059973,636.81836
0.14079976,636.3269
0.1409998,635.1664
0.14119959,634.21
0.14139962,633.7681
0.14159966,632.9923
0.14179969,633.34973
0.14199972,632.9993
0.14219975,633.2781
0.14239979,633.2694
0.14259982,633.2549
0.14279962,633.08246
0.14299965,633.1237
0.14319968,632.997
0.14339972,633.54736
0.14359975,633.6896
0.14379978,633.24896
0.14399981,633.3904
0.14419961,632.7497
0.14439964,632.16046
0.14459968,632.06714
0.14479971,632.03937
0.14499974,632.4974
0.14519978,632.32404
0.14539981,632.5617
0.1455996,632.6907
0.14579964,633.02216
0.14599967,633.65436
0.1461997,633.6828
0.14639974,634.16364
0.14659977,634.2786
0.1467998,634.6472
0.1469996,634.3845
0.14719963,634.7482
0.14739966,635.0379
0.1475997,634.1579
0.14779973,633.70996
0.14799976,633.62726
0.1481998,633.6959
0.14839959,634.48486
0.14859962,634.32544
0.14879966,635.2812
0.14899969,635.6539
0.14919972,635.88654
0.14939976,636.337
0.14959979,635.65155
0.14979982,636.35
0.14999962,637.13385
0.15019965,636.76324
0.15039968,635.87524
0.15059972,636.49316
0.15079975,636.5033
0.15099978,635.8235
0.15119982,635.5007
0.15139961,635.8451
0.15159965,636.5569
0.15179968,636.8671
0.15199971,637.7157
0.15219975,637.9097
0.15239978,637.94934
0.15259981,637.83466
0.1527996,638.0903
0.15299964,638.863
0.15319967,639.8205
0.1533997,640.83704
0.15359974,641.63226
0.15379977,642.1093
0.1539998,642.26917
0.1541996,642.12067
0.15439963,641.5824
0.15459967,641.50183
0.1547997,641.7774
0.15499973,642.9209
0.15519977,643.4503
0.1553998,644.05975
0.1555996,644.70636
0.15579963,645.0169
0.15599966,644.89044
0.1561997,645.4758
0.15639973,645.6557
0.15659976,646.28546
0.1567998,646.7323
0.15699959,647.12885
0.15719962,647.5363
0.15739965,647.555
0.15759969,647.4454
0.15779972,647.4663
0.15799975,647.27216
0.15819979,647.6867
0.15839982,647.651
0.15859962,647.7698
0.15879965,648.63727
0.15899968,649.00885
0.15919971,648.76434
0.15939975,648.75
0.15959978,648.65906
0.15979981,648.9715
0.15999961,648.634
0.16019964,648.1312
0.16039968,647.878
0.16059971,647.4998
0.16079974,647.0985
0.16099977,646.21027
0.16119981,645.8245
0.1613996,645.1575
0.16159964,644.80676
0.16179967,643.8654
0.1619997,643.3903
0.16219974,643.5021
0.16239977,643.5249
0.1625998,643.56464
0.1627996,643.99097
0.16299963,643.9336
0.16319966,644.4856
0.1633997,644.0996
0.16359973,644.3638
0.16379976,643.9418
0.1639998,643.87146
0.16419959,643.5783
0.16439962,643.24426
0.16459966,642.9374
0.16479969,642.78656
0.16499972,642.6838
0.16519976,642.37604
0.16539979,642.29626
0.16559982,642.1336
0.16579962,642.5492
0.16599965,642.438
0.16619968,642.63635
0.16639972,642.5155
0.16659975,643.1543
0.16679978,642.6675
0.16699982,642.287
0.16719961,642.25323
0.16739964,641.9093
0.16759968,642.09247
0.16779971,641.93854
0.16799974,641.7627
0.16819978,642.3274
0.16839981,641.70654
0.1685996,641.4099
0.16879964,640.96844
0.16899967,640.86975
0.1691997,640.73816
0.16939974,640.7496
0.16959977,640.5697
0.1697998,640.5311
0.1699996,639.94165
0.17019963,639.18695
0.17039967,638.1447
0.1705997,637.30554
0.17079973,636.7962
0.17099977,636.31287
0.1711998,636.15173
0.1713996,636.0942
0.17159963,635.8693
0.17179966,635.2101
0.1719997,634.8316
0.17219973,634.2335
0.17239976,633.7066
0.17259979,633.6774
0.17279983,633.8055
0.17299962,634.2045
0.17319965,634.0615
0.17339969,634.0926
0.17359972,634.05664
0.17379975,633.6185
0.17399979,633.65216
0.17419982,633.65027
0.17439961,633.74
0.17459965,633.7297
0.17479968,633.87915
0.17499971,633.6438
0.17519975,633.2264
0.17539978,633.1161
0.17559981,633.1641
0.17579961,633.47327
0.17599964,633.8238
0.17619967,633.6271
0.17639971,633.9019
0.17659974,633.9152
0.17679977,633.59
0.1769998,633.6025
0.1771996,633.6486
0.17739964,634.069
0.17759967,634.30695
0.1777997,634.3998
0.17799973,634.87195
0.17819977,635.0745
0.1783998,634.85504
0.1785996,634.5056
0.17879963,634.8571
0.17899966,634.9774
0.1791997,635.4874
0.17939973,635.378
0.17959976,635.74603
0.1797998,635.6493
0.17999959,635.0781
0.18019962,634.55457
0.18039966,634.3434
0.18059969,630.0342
0.18079972,631.2431
0.18099976,631.26483
0.18119979,631.5079
0.18139982,632.0803
0.18159962,631.96576
0.18179965,631.95026
0.18199968,631.71814
0.18219972,632.0864
0.18239975,632.22125
0.18259978,632.2741
0.18279982,632.3309
0.18299961,632.7007
0.18319964,632.5829
0.18339968,632.33417
0.18359971,632.2535
0.18379974,631.84717
0.18399978,632.26196
0.18419981,632.1601
0.1843996,632.0453
0.18459964,631.77844
0.18479967,631.6291
0.1849997,631.3015
0.18519974,631.09644
0.18539977,630.867
0.1855998,630.92883
0.1857996,631.06366
0.18599963,631.18353
0.18619967,630.98364
0.1863997,631.51215
0.18659973,631.5103
0.18679976,631.1264
0.1869998,631.3698
0.1871996,631.206
0.18739963,631.20447
0.18759966,631.73645
0.18779969,632.2938
0.18799973,631.9723
0.18819976,631.82666
0.18839979,631.61865
0.18859982,632.355
0.18879962,632.24176
0.18899965,632.2058
0.18919969,632.18774
0.18939972,632.3773
0.18959975,632.6293
0.18979979,632.68115
0.18999982,632.3321
0.19019961,631.5345
0.19039965,630.90924
0.19059968,630.33594
0.19079971,630.04944
0.19099975,630.0253
0.19119978,629.6921
0.19139981,629.8224
0.19159961,629.316
0.19179964,628.52057
0.19199967,627.98584
0.1921997,627.105
0.19239974,626.718
0.19259977,627.0327
0.1927998,627.2581
0.1929996,627.5617
0.19319963,627.49133
0.19339967,627.6369
0.1935997,627.49646
0.19379973,626.74194
0.19399977,625.9173
0.1941998,625.64465
0.1943996,625.4754
0.19459963,624.8241
0.19479966,624.2828
0.1949997,623.9773
0.19519973,623.3287
0.19539976,623.2005
0.1955998,622.82404
0.19579959,622.75195
0.19599962,622.69794
0.19619966,622.6722
0.19639969,622.7912
0.19659972,623.0226
0.19679976,622.4292
0.19699979,622.7859
0.19719982,621.9892
0.19739962,622.4393
0.19759965,622.6942
0.19779968,622.3829
0.19799972,623.2751
0.19819975,623.2761
0.19839978,624.2948
0.19859982,623.7393
0.19879961,623.74603
0.19899964,623.94507
0.19919968,624.1146
0.19939971,624.24207
0.19959974,624.5107
0.19979978,624.70026
0.19999981,624.55005
0.2001996,623.9624
0.20039964,623.4018
0.20059967,623.0444
0.2007997,623.06836
0.20099974,622.30927
0.20119977,622.09186
0.2013998,622.4541
0.2015996,622.1062
0.20179963,620.8983
0.20199966,620.0624
0.2021997,620.1594
0.20239973,620.4065
0.20259976,620.5192
0.2027998,620.4742
0.20299959,620.9118
0.20319963,621.0534
0.20339966,620.7411
0.20359969,620.6973
0.20379972,620.04553
0.20399976,620.0446
0.20419979,619.9544
0.20439982,619.5692
0.20459962,619.6927
0.20479965,620.11035
0.20499969,619.5485
0.20519972,618.9539
0.20539975,618.79834
0.20559978,618.73206
0.20579982,618.47894
0.20599961,618.9923
0.20619965,618.4361
0.20639968,618.7899
0.20659971,618.52
0.20679975,618.22205
0.20699978,618.78955
0.20719981,618.753
0.2073996,619.0047
0.20759964,618.93384
0.20779967,618.61145
0.2079997,619.1493
0.20819974,619.4474
0.20839977,619.402
0.2085998,619.3241
0.2087996,619.97815
0.20899963,620.32275
0.20919967,620.5666
0.2093997,620.6609
0.20959973,620.8965
0.20979977,620.8883
0.2099998,620.7493
0.2101996,620.29535
0.21039963,619.879
0.21059966,620.72076
0.2107997,619.2774
0.21099973,617.5378
0.21119976,617.7218
0.2113998,618.5869
0.21159959,618.6979
0.21179962,618.43365
0.21199965,618.75397
0.21219969,618.6495
0.21239972,619.0162
0.21259975,618.9829
0.21279979,619.46216
0.21299982,619.4971
0.21319962,619.8827
0.21339965,619.80945
0.21359968,620.2218
0.21379972,620.5732
0.21399975,620.23
0.21419978,620.3482
0.21439981,619.7549
0.21459961,619.6475
0.21479964,619.86444
0.21499968,619.7644
0.21519971,619.2903
0.21539974,619.812
0.21559978,619.6333
0.21579981,620.188
0.2159996,619.9381
0.21619964,619.9385
0.21639967,620.09625
0.2165997,620.4092
0.21679974,620.37115
0.21699977,620.99304
0.2171998,621.2575
0.2173996,621.0277
0.21759963,621.1142
0.21779966,621.7033
0.2179997,621.90674
0.21819973,622.5552
0.21839976,622.38385
0.2185998,622.00684
0.21879959,621.70953
0.21899962,621.1803
0.21919966,621.90656
0.21939969,621.6051
0.21959972,621.569
0.21979976,621.65814
0.21999979,621.57996
0.22019982,621.1432
0.22039962,621.3438
0.22059965,621.04517
0.22079968,621.08984
0.22099972,620.3145
0.22119975,620.3315
0.22139978,620.2736
0.22159982,620.27386
0.22179961,620.4438
0.22199965,620.85455
0.22219968,620.904
0.22239971,621.21594
0.22259974,621.1126
0.22279978,621.0971
0.22299981,621.634
0.2231996,621.423
0.22339964,621.78906
0.22359967,622.16486
0.2237997,622.3712
0.22399974,622.1962
0.22419977,621.7828
0.2243998,621.8277
0.2245996,620.897
0.22479963,620.9682
0.22499967,620.80304
0.2251997,620.81476
0.22539973,620.9139
0.22559977,620.8418
0.2257998,620.9452
0.2259996,620.9525
0.22619963,620.9708
0.22639966,621.42426
0.2265997,621.4631
0.22679973,621.54315
0.22699976,621.8591
0.2271998,621.8531
0.22739959,622.1171
0.22759962,622.1172
0.22779965,622.26984
0.22799969,622.3686
0.22819972,622.1698
0.22839975,622.16864
0.22859979,622.4183
0.22879982,622.78613
0.22899961,622.9753
0.22919965,622.8246
0.22939968,623.29297
0.22959971,622.5414
0.22979975,622.3022
0.22999978,621.912
0.23019981,621.7478
0.23039961,621.8691
0.23059964,621.38055
0.23079967,621.33813
0.23099971,621.0159
0.23119974,621.0369
0.23139977,621.34125
0.23159981,621.39197
0.2317996,621.64197
0.23199964,621.7712
0.23219967,621.9233
0.2323997,622.1786
0.23259974,622.59875
0.23279977,622.777
0.2329998,622.77716
0.2331996,623.1527
0.23339963,623.19794
0.23359966,623.4965
0.2337997,623.5545
0.23399973,623.2268
0.23419976,623.4084
0.2343998,622.6701
0.23459959,622.0557
0.23479962,621.5758
0.23499966,621.8259
0.23519969,622.3126
0.23539972,622.145
0.23559976,622.883
0.23579979,623.05164
0.23599982,622.9697
0.23619962,623.55206
0.23639965,623.9468
0.23659968,624.00574
0.23679972,624.9044
0.23699975,625.24445
0.23719978,625.3276
0.23739982,626.0343
0.23759961,626.22125
0.23779964,626.5928
0.23799968,626.62915
0.23819971,627.08105
0.23839974,626.80804
0.23859978,627.4673
0.23879981,627.62897
0.2389996,627.2781
0.23919964,623.7137
0.23939967,623.4219
0.2395997,624.3151
0.23979974,624.8481
0.23999977,625.62744
0.2401998,625.83844
0.2403996,626.38214
0.24059963,626.27094
0.24079967,626.2451
0.2409997,625.62476
0.24119973,625.9838
0.24139977,626.48047
0.2415998,627.20575
0.2417996,628.01306
0.24199963,628.1042
0.24219966,628.61316
0.24239969,629.28217
0.24259973,629.60803
0.24279976,629.8188
0.24299979,630.3737
0.24319959,630.3435
0.24339962,630.5064
0.24359965,630.6116
0.24379969,630.7804
0.24399972,630.8416
0.24419975,630.59045
0.24439979,630.59393
0.24459982,630.5481
0.24479961,630.59546
0.24499965,630.16656
0.24519968,629.75146
0.24539971,629.6297
0.24559975,629.4062
0.24579978,629.47174
0.24599981,629.8944
0.24619961,630.24506
0.24639964,630.41534
0.24659967,630.69916
0.2467997,630.3457
0.24699974,630.25244
0.24719977,630.30493
0.2473998,630.4416
0.2475996,630.32245
0.24779963,630.2813
0.24799967,630.06946
0.2481997,630.369
0.24839973,630.1292
0.24859977,629.81616
0.2487998,629.88275
0.2489996,630.1181
0.24919963,630.3709
0.24939966,630.4387
0.2495997,630.0164
0.24979973,630.31696
0.24999976,630.3361
0.2501998,630.06946
0.2503996,629.9771
0.25059962,629.9787
0.25079966,629.6126
0.2509997,629.36646
0.25119972,629.46484
0.25139976,629.57214
0.2515998,628.7135
0.25179982,628.9896
0.25199962,628.9815
0.25219965,629.1709
0.25239968,627.51514
0.25259972,627.95105
0.25279975,627.31213
0.25299978,627.13403
0.25319982,627.69354
0.2533996,628.1341
0.25359964,628.579
0.25379968,628.9787
0.2539997,628.5467
0.25419974,628.3712
0.25439978,628.0411
0.2545998,628.45386
0.2547996,628.4952
0.25499964,628.15265
0.25519967,628.8278
0.2553997,628.77484
0.25559974,629.0237
0.25579977,629.3261
0.2559998,629.39764
0.2561996,629.6475
0.25639963,629.9045
0.25659966,628.80084
0.2567997,629.2591
0.25699973,630.20483
0.25719976,630.8797
0.2573998,631.115
0.2575996,631.4521
0.25779963,631.46185
0.25799966,631.68176
0.2581997,631.67596
0.25839972,631.7421
0.25859976,632.24744
0.2587998,632.73944
0.2589996,631.57184
0.25919962,632.36597
0.25939965,632.05334
0.2595997,631.6367
0.25979972,631.6616
0.25999975,630.97485
0.2601998,631.42255
0.26039982,632.3568
0.2605996,632.7248
0.26079965,632.91254
0.26099968,633.12787
0.2611997,633.12604
0.26139975,632.96716
0.26159978,632.5156
0.2617998,632.7555
0.2619996,630.6935
0.26219964,632.12787
0.26239967,631.9568
0.2625997,632.09485
0.26279974,632.35693
0.26299977,632.88605
0.2631998,632.5728
0.2633996,632.39795
0.26359963,632.0401
0.26379967,631.9785
0.2639997,631.55804
0.26419973,630.69446
0.26439977,630.71765
0.2645998,630.87213
0.2647996,630.8032
0.26499963,630.3854
0.26519966,629.87537
0.2653997,629.6048
0.26559973,630.2743
0.26579976,630.23706
0.2659998,630.1123
0.2661996,630.28296
0.26639962,630.81415
0.26659966,630.4687
0.2667997,629.4578
0.26699972,628.9027
0.26719975,629.34845
0.2673998,629.951
0.26759982,630.41174
0.26779962,630.45483
0.26799965,630.30334
0.26819968,629.96436
0.26839972,629.71014
0.26859975,630.099
0.26879978,630.79706
0.26899981,630.26044
0.2691996,630.78955
0.26939964,630.8763
0.26959968,630.9955
0.2697997,630.98083
0.26999974,630.68176
0.27019978,630.837
0.2703998,630.5118
0.2705996,630.78955
0.27079964,630.43665
0.27099967,629.8686
0.2711997,630.2554
0.27139974,629.06366
0.27159977,628.4954
0.2717998,628.37537
0.2719996,628.21344
0.27219963,627.65796
0.27239966,627.86896
0.2725997,628.1581
0.27279973,629.0056
0.27299976,629.2612
0.2731998,628.83093
0.2733996,628.6646
0.27359962,627.9977
0.27379966,627.88184
0.2739997,628.88086
0.27419972,628.7867
0.27439976,628.5322
0.2745998,628.3477
0.2747996,628.31256
0.27499962,628.0733
0.27519965,627.8215
0.27539968,628.20245
0.27559972,628.7394
0.27579975,628.7463
0.27599978,629.0516
0.27619982,629.45795
0.2763996,628.8704
0.27659965,627.6929
0.27679968,627.08624
0.2769997,627.3152
0.27719975,625.3741
0.27739978,625.5577
0.2775998,627.0063
0.2777996,627.5631
0.27799964,628.0295
0.27819967,627.98456
0.2783997,627.72687
0.27859974,627.7896
0.27879977,627.6682
0.2789998,628.22266
0.2791996,628.95435
0.27939963,629.65234
0.27959967,629.8597
0.2797997,629.7379
0.27999973,629.2789
0.28019977,629.184
0.2803998,628.9973
0.2805996,629.01373
0.28079963,628.8684
0.28099966,628.5332
0.2811997,628.7447
0.28139973,628.3154
0.28159976,628.41583
0.2817998,627.5835
0.2819996,627.28345
0.28219962,627.86475
0.28239965,627.54785
0.2825997,627.72046
0.28279972,627.74603
0.28299975,627.9707
0.2831998,628.3303
0.28339982,627.8038
0.28359962,627.59784
0.28379965,627.2157
0.28399968,627.0137
0.2841997,625.94525
0.28439975,625.3418
0.28459978,626.2896
0.2847998,625.4232
0.2849996,625.43713
0.28519964,625.32153
0.28539968,624.6516
0.2855997,624.33826
0.28579974,624.8182
0.28599977,624.6973
0.2861998,625.647
0.2863996,623.72766
0.28659964,625.22644
0.28679967,624.2572
0.2869997,625.18286
0.28719974,624.48206
0.28739977,624.1133
0.2875998,624.84467
0.2877996,624.86084
0.28799963,625.3311
0.28819966,625.3256
0.2883997,625.22363
0.28859973,625.11646
0.28879976,625.1156
0.2889998,625.487
0.2891996,624.8061
0.28939962,625.4216
0.28959966,624.8425
0.2897997,625.56696
0.28999972,625.60986
0.29019976,625.0529
0.2903998,625.3385
0.29059958,625.5845
0.29079962,625.52783
0.29099965,625.9329
0.29119968,626.0108
0.29139972,625.9413
0.29159975,626.6713
0.29179978,626.36096
0.29199982,626.3796
0.2921996,624.32336
0.29239964,626.5419
0.29259968,626.54193
0.2927997,627.04785
0.29299974,626.0997
0.29319978,627.2205
0.2933998,627.5665
0.2935996,626.902
0.29379964,627.08887
0.29399967,627.0914
0.2941997,626.7757
0.29439974,626.8265
0.29459977,625.62024
0.2947998,626.62775
0.2949996,626.7636
0.29519963,626.0223
0.29539967,626.6378
0.2955997,626.15076
0.29579973,626.40015
0.29599977,625.3082
0.2961998,624.4538
0.2963996,624.26086
0.29659963,624.8044
0.29679966,624.52563
0.2969997,625.144
0.29719973,625.471
0.29739976,625.91785
0.2975998,626.13245
0.2977996,626.2777
0.29799962,626.69116
0.29819965,626.9478
0.2983997,627.14716
0.29859972,627.5496
0.29879975,627.91394
0.2989998,628.5278
0.29919982,629.0389
0.2993996,629.7738
0.29959965,629.7415
0.29979968,629.95154
0.2999997,630.5077
0.30019975,629.92114
0.30039978,630.3232
0.3005998,630.3913
0.3007996,630.512
0.30099964,630.80597
0.30119967,630.62915
0.3013997,630.9859
0.30159974,631.6908
0.30179977,631.3617
0.3019998,631.0306
0.3021996,631.697
0.30239964,631.7514
0.30259967,632.34265
0.3027997,632.4861
0.30299973,632.56305
0.30319977,633.0896
0.3033998,633.19763
0.3035996,632.7994
0.30379963,632.86475
0.30399966,632.7963
0.3041997,632.6259
0.30439973,632.38965
0.30459976,632.3
0.3047998,632.2986
0.3049996,632.31744
0.30519962,632.0254
0.30539966,631.7247
0.3055997,631.98987
0.30579972,632.2235
0.30599976,632.32574
0.3061998,632.6202
0.30639982,632.5574
0.30659962,632.8412
0.30679965,632.5112
0.30699968,632.63544
0.30719972,632.6317
0.30739975,632.70825
0.30759978,632.65216
0.30779982,632.61096
0.3079996,632.90826
0.30819964,632.93207
0.30839968,633.17865
0.3085997,632.96326
0.30879974,632.8321
0.30899978,633.2243
0.3091998,633.372
0.3093996,633.7801
0.30959964,633.72815
0.30979967,633.6558
0.3099997,633.9964
0.31019974,633.3484
0.31039977,633.14795
0.3105998,633.143
0.3107996,632.781
0.31099963,632.8263
0.31119967,632.60724
0.3113997,632.5327
0.31159973,632.192
0.31179976,631.66766
0.3119998,631.632
0.3121996,631.6598
0.31239963,632.0204
0.31259966,631.6843
0.3127997,632.12787
0.31299973,632.35315
0.31319976,632.1951
0.3133998,631.98193
0.3135996,631.5839
0.31379962,631.3299
0.31399965,631.01404
0.3141997,630.8615
0.31439972,630.7807
0.31459975,630.4908
0.3147998,630.5657
0.31499982,629.96655
0.3151996,629.82214
0.31539965,629.71216
0.31559968,629.69214
0.3157997,630.07477
0.31599975,630.22034
0.31619978,630.2928
0.3163998,630.3896
0.3165996,630.4708
0.31679964,630.3656
0.31699967,630.468
0.3171997,630.4594
0.31739974,630.74426
0.31759977,630.7162
0.3177998,630.9942
0.3179996,631.02496
0.31819963,630.98816
0.31839967,630.79895
0.3185997,630.73114
0.31879973,630.6646
0.31899977,630.9683
0.3191998,630.8269
0.3193996,630.90344
0.31959963,630.8794
0.31979966,630.8537
0.3199997,630.6297
0.32019973,629.79175
0.32039976,629.8113
0.3205998,629.6069
0.3207996,629.50354
0.32099962,629.0297
0.32119966,629.22314
0.3213997,629.13763
0.32159972,628.7998
0.32179976,628.2945
0.3219998,628.663
0.32219982,628.86395
0.32239962,629.0651
0.32259965,629.0933
0.32279968,629.01666
0.32299972,629.1525
0.32319975,628.6322
0.32339978,628.47504
0.32359982,628.66077
0.3237996,628.5703
0.32399964,628.3046
0.32419968,628.18787
0.3243997,628.0414
0.32459974,627.94073
0.32479978,627.7874
0.3249998,627.49274
0.3251996,627.27527
0.32539964,627.5056
0.32559967,627.6038
0.3257997,628.02606
0.32599974,627.7843
0.32619977,627.8389
0.3263998,627.96246
0.3265996,627.9586
0.32679963,627.7481
0.32699966,628.10895
0.3271997,628.26086
0.32739973,628.64044
0.32759976,628.5339
0.3277998,628.56494
0.3279996,628.9616
0.32819963,629.0679
0.32839966,629.1073
0.3285997,629.2633
0.32879972,629.3407
0.32899976,630.1075
0.3291998,630.1011
0.3293996,630.5283
0.32959962,630.5429
0.32979965,630.4331
0.3299997,630.4552
0.33019972,629.95496
0.33039975,629.73596
0.33059978,629.9027
0.33079982,629.7784
0.3309996,629.55133
0.33119965,629.674
0.33139968,629.54144
0.3315997,629.65533
0.33179975,621.0206
0.33199978,624.9859
0.3321998,629.58093
0.3323996,630.8577
0.33259964,631.79663
0.33279967,633.3049
0.3329997,633.2361
0.33319974,633.10016
0.33339977,631.88995
0.3335998,629.5334
0.3337996,628.7882
0.33399963,627.48175
0.33419967,627.06384
0.3343997,626.9844
0.33459973,626.8066
0.33479977,627.2697
0.3349998,626.9456
0.3351996,627.166
0.33539963,627.3748
0.33559966,627.5749
0.3357997,628.1225
0.33599973,628.3642
0.33619976,628.4226
0.3363998,628.8489
0.3365996,628.9228
0.33679962,628.9136
0.33699965,629.6397
0.3371997,629.92004
0.33739972,630.3563
0.33759975,630.4518
0.3377998,630.81903
0.33799982,630.9915
0.33819962,631.58765
0.33839965,632.01044
0.33859968,631.8267
0.33879972,631.941
0.33899975,632.3948
0.33919978,632.79126
0.3393998,633.1138
0.3395996,633.15704
0.33979964,633.58575
0.33999968,633.96576
0.3401997,633.59985
0.34039974,633.1874
0.34059978,632.87823
0.3407998,632.8231
0.3409996,632.80396
0.34119964,632.34814
0.34139967,632.59735
0.3415997,632.6739
0.34179974,632.5559
0.34199977,632.3316
0.3421998,632.11835
0.3423996,632.0407
0.34259963,631.92957
0.34279966,631.7084
0.3429997,631.75165
0.34319973,631.1419
0.34339976,630.91876
0.3435998,630.17865
0.3437996,629.8126
0.34399962,629.3536
0.34419966,629.18536
0.3443997,628.87915
0.34459972,628.61584
0.34479976,628.2557
0.3449998,627.76105
0.34519958,627.3514
0.34539962,627.0505
0.34559965,626.9887
0.34579968,626.96906
0.34599972,627.5253
0.34619975,627.31305
0.34639978,627.30676
0.34659982,627.5578
0.3467996,627.3654
0.34699965,627.5488
0.34719968,627.56915
0.3473997,627.55
0.34759974,627.50635
0.34779978,627.4415
0.3479998,627.23413
0.3481996,627.44434
0.34839964,627.61224
0.34859967,627.6989
0.3487997,628.17065
0.34899974,628.2498
0.34919977,628.357
0.3493998,628.2298
0.3495996,628.1694
0.34979963,627.0162
0.34999967,624.6228
0.3501997,620.08685
0.35039973,623.69147
0.35059977,626.2739
0.3507998,628.471
0.3509996,629.36017
0.35119963,629.2289
0.35139966,628.33905
0.3515997,627.6157
0.35179973,627.0717
0.35199976,626.6497
0.3521998,626.34204
0.3523996,626.56635
0.35259962,626.5149
0.35279965,626.79156
0.3529997,626.6818
0.35319972,626.972
0.35339975,627.2493
0.3535998,627.2422
0.35379982,627.3673
0.3539996,627.19745
0.35419965,627.42346
0.35439968,627.1186
0.3545997,626.7792
0.35479975,627.1141
0.35499978,627.1968
0.3551998,627.096
0.3553996,626.91956
0.35559964,627.0832
0.35579967,627.5489
0.3559997,627.69635
0.35619974,627.76135
0.35639977,628.0553
0.3565998,628.6436
0.3567996,629.05566
0.35699964,628.57605
0.35719967,628.8199
0.3573997,629.02997
0.35759974,628.9516
0.35779977,629.19366
0.3579998,628.857
0.3581996,629.0105
0.35839963,629.0409
0.35859966,628.38965
0.3587997,628.4395
0.35899973,628.5222
0.35919976,628.4578
0.3593998,628.3187
0.3595996,628.05
0.35979962,627.5797
0.35999966,627.6566
0.3601997,626.8009
0.36039972,626.56494
0.36059976,626.54364
0.3607998,626.4388
0.36099958,626.55316
0.36119962,625.8077
0.36139965,625.78424
0.36159968,625.6569
0.36179972,625.0214
0.36199975,624.372
0.36219978,624.6237
0.36239982,623.5578
0.3625996,623.43243
0.36279964,623.36566
0.36299968,623.07184
0.3631997,623.265
0.36339974,623.017
0.36359978,622.74225
0.3637998,623.39703
0.3639996,623.6839
0.36419964,623.93225
0.36439967,617.3321
0.3645997,619.68024
0.36479974,623.57245
0.36499977,625.6185
0.3651998,625.46954
0.3653996,625.7704
0.36559963,625.8609
0.36579967,626.27466
0.3659997,626.3806
0.36619973,626.4271
0.36639977,626.73694
0.3665998,626.8941
0.3667996,626.8868
0.36699963,627.28516
0.36719966,627.80444
0.3673997,628.15497
0.36759973,628.0726
0.36779976,628.103
0.3679998,627.9606
0.3681996,628.1746
0.36839962,627.88245
0.36859965,627.3239
0.3687997,627.64984
0.36899972,628.3011
0.36919975,628.6719
0.3693998,628.8494
0.36959982,628.54865
0.3697996,628.46796
0.36999965,628.24664
0.37019968,627.36115
0.3703997,627.0619
0.37059975,627.1431
0.37079978,627.3152
0.3709998,627.3517
0.3711996,627.0878
0.37139964,627.04
0.37159967,626.6861
0.3717997,625.9111
0.37199974,625.9138
0.37219977,626.40155
0.3723998,626.84357
0.3725996,626.82916
0.37279963,626.85266
0.37299967,626.54114
0.3731997,626.32446
0.37339973,625.9093
0.37359977,624.9512
0.3737998,625.3669
0.3739996,624.80884
0.37419963,624.5905
0.37439966,623.92505
0.3745997,623.5687
0.37479973,623.1934
0.37499976,622.68164
0.3751998,622.51514
0.3753996,623.1828
0.37559962,623.84094
0.37579966,624.2922
0.3759997,624.5043
0.37619972,622.4422
0.37639976,621.87665
0.3765998,623.96173
0.37679958,625.3483
0.37699962,626.19434
0.37719965,626.3858
0.37739968,626.4058
0.37759972,626.1424
0.37779975,625.97766
0.37799978,625.462
0.37819982,625.77527
0.3783996,625.5278
0.37859964,625.3971
0.37879968,626.1379
0.3789997,626.5179
0.37919974,626.8914
0.37939978,626.8872
0.3795998,626.5436
0.3797996,626.5488
0.37999964,625.6114
0.38019967,625.273
0.3803997,625.6057
0.38059974,625.7772
0.38079977,625.93835
0.3809998,625.8492
0.3811996,625.4293
0.38139963,625.45746
0.38159966,624.8352
0.3817997,624.06506
0.38199973,624.3735
0.38219976,621.3393
0.3823998,621.4807
0.3825996,623.56726
0.38279963,624.6775
0.38299966,626.35315
0.3831997,626.6557
0.38339972,625.6707
0.38359976,624.9921
0.3837998,624.7997
0.3839996,624.47363
0.38419962,624.1246
0.38439965,623.7092
0.3845997,623.59247
0.38479972,623.6236
0.38499975,622.9692
0.3851998,622.572
0.38539982,623.4645
0.3855996,623.7796
0.38579965,624.15216
0.38599968,624.26294
0.3861997,623.8247
0.38639975,624.27734
0.38659978,623.6616
0.3867998,623.04364
0.3869996,623.147
0.38719964,623.66455
0.38739967,624.0865
0.3875997,623.8073
0.38779974,624.1436
0.38799977,624.2157
0.3881998,624.2739
0.3883996,623.78375
0.38859963,623.97455
0.38879967,624.44244
0.3889997,625.40015
0.38919973,625.7522
0.38939977,625.74133
0.3895998,626.0219
0.3897996,626.0351
0.38999963,625.2233
0.39019966,625.00696
0.3903997,624.9596
0.39059973,624.7327
0.39079976,622.7058
0.3909998,624.1555
0.3911996,625.19037
0.39139962,626.3942
0.39159966,626.0342
0.3917997,625.43445
0.39199972,625.25195
0.39219975,625.6962
0.3923998,625.5196
0.39259958,624.9399
0.39279962,624.08575
0.39299965,623.68427
0.39319968,623.34644
0.39339972,622.4455
0.39359975,622.4154
0.39379978,622.9103
0.39399981,622.7152
0.3941996,622.384
0.39439964,621.8827
0.39459968,621.3312
0.3947997,621.08813
0.39499974,620.18744
0.39519978,620.1123
0.3953998,620.60596
0.3955996,621.2878
0.39579964,621.67017
0.39599967,621.5582
0.3961997,621.7036
0.39639974,621.93396
0.39659977,621.5421
0.3967998,621.69965
0.3969996,622.0881
0.39719963,622.80963
0.39739966,623.30853
0.3975997,623.09875
0.39779973,623.15247
0.39799976,623.4086
0.3981998,623.21313
0.3983996,622.8325
0.39859962,622.2123
0.39879966,623.4284
0.3989997,625.43054
0.39919972,626.165
0.39939976,626.0584
0.3995998,626.24365
0.3997996,626.196
0.39999962,624.9188
0.40019965,624.96454
0.40039968,624.7058
0.40059972,624.54346
0.40079975,624.4056
0.40099978,623.8885
0.40119982,623.2934
0.4013996,623.0523
0.40159965,622.556
0.40179968,622.0048
0.4019997,622.21277
0.40219975,622.7567
0.40239978,623.11365
0.4025998,623.03625
0.4027996,622.9876
0.40299964,622.7515
0.40319967,622.60114
0.4033997,622.0509
0.40359974,622.1719
0.40379977,622.2784
0.4039998,622.5213
0.4041996,622.7047
0.40439963,621.9258
0.40459967,622.11475
0.4047997,622.23535
0.40499973,622.0804
0.40519977,622.1796
0.4053998,622.5706
0.4055996,623.2353
0.40579963,625.0466
0.40599966,625.8582
0.4061997,625.547
0.40639973,625.50616
0.40659976,624.7087
0.4067998,624.7368
0.4069996,624.9555
0.40719962,625.6388
0.40739965,624.099
0.4075997,624.00555
0.40779972,623.6877
0.40799975,623.4333
0.4081998,623.6703
0.40839958,623.54083
0.40859962,624.0852
0.40879965,624.68787
0.40899968,625.219
0.4091997,625.4953
0.40939975,625.5307
0.40959978,625.3781
0.4097998,625.703
0.4099996,624.9022
0.41019964,624.8321
0.41039968,625.2101
0.4105997,625.6267
0.41079974,625.90265
0.41099977,625.9759
0.4111998,625.9674
0.4113996,625.66016
0.41159964,624.12396
0.41179967,626.1862
0.4119997,627.89496
0.41219974,629.1431
0.41239977,629.3461
0.4125998,629.35046
0.4127996,629.0551
0.41299963,629.3759
0.41319966,629.16907
0.4133997,628.3134
0.41359973,628.5812
0.41379976,628.76294
0.4139998,629.02075
0.4141996,628.894
0.41439962,628.5428
0.41459966,628.5704
0.4147997,628.3117
0.41499972,627.5237
0.41519976,627.6301
0.4153998,627.7823
0.41559958,628.0045
0.41579962,627.5576
0.41599965,629.3766
0.41619968,629.79974
0.41639972,629.6896
0.41659975,628.1094
0.41679978,626.4779
0.41699982,626.5579
0.4171996,626.73444
0.41739964,626.9876
0.41759968,626.6117
0.4177997,626.5873
0.41799974,626.49
0.41819978,626.23364
0.4183998,626.0375
0.4185996,626.4339
0.41879964,627.1262
0.41899967,627.82556
0.4191997,628.1914
0.41939974,628.0385
0.41959977,628.3346
0.4197998,628.6591
0.4199996,628.01794
0.42019963,628.3056
0.42039967,628.6829
0.4205997,629.36224
0.42079973,629.3844
0.42099977,629.1812
0.4211998,629.15424
0.4213996,626.3342
0.42159963,626.61334
0.42179966,628.9516
0.4219997,630.3209
0.42219973,631.1404
0.42239976,631.3944
0.4225998,630.9394
0.4227996,630.8032
0.42299962,630.8589
0.42319965,630.5452
0.4233997,629.9021
0.42359972,630.03156
0.42379975,629.86456
0.4239998,630.4997
0.42419958,630.0938
0.4243996,630.05096
0.42459965,629.5518
0.42479968,629.4561
0.4249997,628.7756
0.42519975,628.4701
0.42539978,628.68274
0.4255998,629.28326
0.4257996,629.6383
0.42599964,629.7045
0.42619967,629.70483
0.4263997,629.92944
0.42659974,627.14197
0.42679977,629.24133
0.4269998,630.65216
0.4271996,631.37585
0.42739964,631.2927
0.42759967,630.54114
0.4277997,630.1658
0.42799973,630.0469
0.42819977,629.4873
0.4283998,628.9697
0.4285996,629.02344
0.42879963,629.7607
0.42899966,630.2078
0.4291997,630.56805
0.42939973,630.5877
0.42959976,630.3657
0.4297998,630.4529
0.4299996,629.3816
0.43019962,629.2077
0.43039966,628.9849
0.4305997,629.28986
0.43079972,628.5118
0.43099976,628.4969
0.4311998,629.32416
0.43139958,629.6739
0.43159962,628.9215
0.43179965,628.21216
0.43199968,627.7609
0.43219972,628.2903
0.43239975,628.17975
0.43259978,628.395
0.43279982,627.98553
0.4329996,627.92584
0.43319964,627.6522
0.43339968,626.8702
0.4335997,627.4005
0.43379974,627.1816
0.43399978,627.77106
0.4341998,627.24664
0.4343996,623.7874
0.43459964,624.8768
0.43479967,625.9338
0.4349997,625.7168
0.43519974,625.76544
0.43539977,626.24963
0.4355998,627.31494
0.4357996,626.89526
0.43599963,626.2764
0.43619967,625.9811
0.4363997,625.922
0.43659973,625.64655
0.43679976,625.69037
0.4369998,626.17163
0.4371996,626.8198
0.43739963,626.98895
0.43759966,626.9635
0.4377997,626.61365
0.43799973,626.5877
0.43819976,626.41455
0.4383998,626.27264
0.4385996,626.56744
0.43879962,627.099
0.43899965,627.74005
0.4391997,628.0337
0.43939972,628.18896
0.43959975,628.16705
0.4397998,628.3145
0.43999982,627.5738
0.4401996,627.94104
0.44039965,628.0864
0.44059968,628.85156
0.4407997,628.975
0.44099975,628.762
0.44119978,628.80927
0.4413998,628.72015
0.4415996,628.2533
0.44179964,625.6955
0.44199967,627.213
0.4421997,629.13
0.44239974,629.9233
0.44259977,629.50476
0.4427998,629.03064
0.4429996,628.68933
0.44319963,628.14197
0.44339967,627.3501
0.4435997,626.72424
0.44379973,626.0358
0.44399977,625.2239
0.4441998,624.6076
0.4443996,624.03284
0.44459963,623.64056
0.44479966,623.4189
0.4449997,622.7871
0.44519973,622.44836
0.44539976,622.7378
0.4455998,623.3026
0.4457996,623.54614
0.44599962,623.616
0.44619966,623.5566
0.4463997,623.8485
0.44659972,623.7897
0.44679976,624.0466
0.4469998,624.5325
0.44719958,625.0617
0.44739962,624.71875
0.44759965,623.0847
0.44779968,625.21454
0.44799972,626.3261
0.44819975,626.654
0.44839978,625.9096
0.44859982,625.7603
0.4487996,626.3888
0.44899964,626.82465
0.44919968,627.10956
0.4493997,627.1737
0.44959974,627.2345
0.44979978,627.36115
0.4499998,626.673
0.4501996,626.6272
0.45039964,626.92145
0.45059967,627.042
0.4507997,627.2641
0.45099974,627.2186
0.45119977,626.983
0.4513998,626.8896
0.4515996,626.3334
0.45179963,626.43536
0.45199966,626.7196
0.4521997,627.43115
0.45239973,627.27246
0.45259976,625.95935
0.4527998,627.7817
0.4529996,628.8221
0.45319963,628.1951
0.45339966,627.0453
0.4535997,626.68665
0.45379972,626.14075
0.45399976,626.2539
0.4541998,625.7141
0.4543996,625.2178
0.45459962,624.96204
0.45479965,623.0456
0.4549997,622.67755
0.45519972,622.67456
0.45539975,623.2116
0.45559978,623.8428
0.45579982,623.7929
0.4559996,623.7791
0.45619965,623.95966
0.45639968,623.9832
0.4565997,623.7385
0.45679975,623.8521
0.45699978,624.1061
0.4571998,624.76385
0.4573996,624.8568
0.45759964,625.0341
0.45779967,621.619
0.4579997,623.7095
0.45819974,625.0576
0.45839977,625.78784
0.4585998,625.9851
0.4587996,626.3646
0.45899963,626.79504
0.45919967,626.8216
0.4593997,626.54517
0.45959973,626.6023
0.45979977,626.4364
0.4599998,626.1284
0.4601996,626.2894
0.46039963,626.4968
0.46059966,626.9961
0.4607997,626.9542
0.46099973,626.71545
0.46119976,626.55084
0.4613998,626.35864
0.4615996,625.58984
0.46179962,625.3906
0.46199965,625.67914
0.4621997,626.0914
0.46239972,626.4494
0.46259975,626.43146
0.4627998,626.4605
0.46299958,624.5038
0.46319962,626.064
0.46339965,626.48236
0.46359968,626.1615
0.46379972,625.22845
0.46399975,625.4703
0.46419978,624.203
0.4643998,623.5515
0.4645996,623.1633
0.46479964,622.6582
0.46499968,622.24493
0.4651997,622.082
0.46539974,622.6122
0.46559978,623.2091
0.4657998,623.6195
0.4659996,623.7435
0.46619964,623.89453
0.46639967,624.32227
0.4665997,623.9446
0.46679974,624.4093
0.46699977,624.82983
0.4671998,625.103
0.4673996,625.5162
0.46759963,625.25073
0.46779966,625.40094
0.4679997,625.0913
0.46819973,624.8841
0.46839976,624.6023
0.4685998,625.0973
0.4687996,625.79095
0.46899962,626.28455
0.46919966,626.4817
0.4693997,626.7949
0.46959972,626.6897
0.46979976,626.6309
0.4699998,625.83496
0.47019958,623.9789
0.47039962,626.0823
0.47059965,627.37177
0.47079968,627.66675
0.47099972,626.8567
0.47119975,626.3417
0.47139978,626.0354
0.47159982,625.26495
0.4717996,625.0934
0.47199965,625.2344
0.47219968,625.5518
0.4723997,625.5697
0.47259974,625.5875
0.47279978,625.3677
0.4729998,624.8299
0.4731996,624.3933
0.47339964,623.95825
0.47359967,623.6298
0.4737997,622.6562
0.47399974,619.9268
0.47419977,621.6888
0.4743998,623.0496
0.4745996,623.2485
0.47479963,622.37683
0.47499967,621.5651
0.4751997,621.8407
0.47539973,621.82465
0.47559977,622.24615
0.4757998,622.65155
0.4759996,622.679
0.47619963,622.6285
0.47639966,622.84753
0.4765997,623.0616
0.47679973,623.6025
0.47699976,623.8414
0.4771998,624.23486
0.4773996,624.59265
0.47759962,624.29065
0.47779965,624.2419
0.4779997,623.9273
0.47819972,623.90485
0.47839975,624.1011
0.4785998,624.5342
0.47879958,625.2302
0.4789996,625.7178
0.47919965,626.1035
0.47939968,626.2331
0.4795997,626.44073
0.47979975,626.379
0.47999978,625.7403
0.4801998,625.756
0.4803996,626.2047
0.48059964,625.80743
0.48079967,624.8283
0.4809997,626.68964
0.48119974,626.9541
0.48139977,626.9974
0.4815998,626.4816
0.4817996,626.1739
0.48199964,625.53265
0.48219967,624.9609
0.4823997,625.9167
0.48259974,625.7136
0.48279977,625.1171
0.4829998,624.566
0.4831996,623.7307
0.48339963,623.29004
0.48359966,623.4111
0.4837997,623.38446
0.48399973,623.92755
0.48419976,623.2941
0.4843998,622.8825
0.4845996,622.5024
0.48479962,622.0863
0.48499966,621.9587
0.4851997,621.6892
0.48539972,621.84045
0.48559976,622.3701
0.4857998,622.50183
0.48599958,622.7188
0.48619962,622.43225
0.48639965,622.75397
0.48659968,622.4432
0.48679972,622.9555
0.48699975,623.1217
0.48719978,623.4836
0.48739982,623.9876
0.4875996,623.9981
0.48779964,624.03235
0.48799968,623.8816
0.4881997,623.70935
0.48839974,623.5904
0.48859978,623.6861
0.4887998,624.1232
0.4889996,624.5743
0.48919964,624.9835
0.48939967,624.8062
0.4895997,624.33325
0.48979974,624.03204
0.48999977,623.759
0.4901998,623.12445
0.4903996,623.28
0.49059963,623.5426
0.49079967,623.7382
0.4909997,623.46063
0.49119973,623.2235
0.49139977,622.94525
0.4915998,622.7085
0.4917996,620.3214
0.49199963,622.17816
0.49219966,624.4921
0.4923997,624.95264
0.49259973,624.15796
0.49279976,623.5091
0.4929998,622.95013
0.4931996,622.49457
0.49339962,622.2142
0.49359965,622.1301
0.4937997,622.37103
0.49399972,622.2989
0.49419975,622.00726
0.4943998,621.8241
0.49459958,621.6671
0.4947996,621.06934
0.49499965,620.7474
0.49519968,621.1124
0.4953997,621.56396
0.49559975,621.82
0.49579978,622.12756
0.4959998,622.2399
0.4961996,618.3859
0.49639964,621.258
0.49659967,623.8086
0.4967997,625.4257
0.49699974,626.0347
0.49719977,625.1007
0.4973998,623.36304
0.4975996,621.2564
0.49779963,619.8071
0.49799967,618.8887
0.4981997,618.56274
0.49839973,618.678
0.49859977,619.06445
0.4987998,619.6517
0.4989996,620.3525
0.49919963,620.6473
0.49939966,620.5459
0.4995997,620.2732
0.49979973,619.9958
0.49999976,619.62683
